-0.034177449294466714,0.036387142011304704
-0.009338427229776102,0.03260192486474153
-0.02082187654657389,0.03169692136424064
-0.016775604176687355,0.034838146586136945
-0.011418949846091936,0.03758506744638299
0.0014049173714849783,0.03878123794417186
-0.03189044788736837,0.034556870882703344
-0.050606710402427826,0.0314819656870482
-0.027737080709766236,0.03129884274865066
-0.011991164827908046,0.02604988374017222
0.03938830730603862,0.03929731682712483
0.06362022408857444,0.024806731704436983
0.08645811184405502,0.021770963694299574
0.12711037957440366,0.03065697212481248
0.22697404481733785,0.04042849814635647
0.3186255258945977,0.053902872169302965
0.37717577372519834,0.06268742632452275
0.37388639401061763,0.07017447686423832
0.41754966304094127,0.05683637650784064
0.6443865272639645,0.09485569891191631
0.8740722914753959,0.1201898724606268
0.9750812732475196,0.13219904579566022
1.042879847851941,0.15342661811318015
1.0932682491881853,0.1665437843512073
1.2186077193173332,0.1649932721564542
1.3210021277320891,0.18446562140485323
1.5375904689420068,0.20223575061920337
1.736105103938783,0.18938256004667808
1.8725159853279671,0.18609910381604866
2.0152843706146015,0.18575896493392063
2.178294419362829,0.17359881245695596
2.371803772365689,0.1934037574243202
2.517947916114011,0.2009767504920412
2.613896401141386,0.20150078937029112
2.8314204121678617,0.225445374864933
3.09194550921139,0.24928790504276718
3.2445837404798716,0.26999106506393206
3.3298702662775934,0.28219989217542174
3.500889784779223,0.3178495064551854
3.6550047909866112,0.3378142934903579
3.7884339016237405,0.3400709855013876
3.914579558793534,0.35808853995825973
3.992583875583815,0.36244589675374816
4.060481998508265,0.37528319851036757
4.359969069260817,0.37628932599162157
4.506881369159968,0.37629268303591623
4.703224702563102,0.39619084632258883
4.877220510026461,0.4177101347643072
5.081551782518775,0.4068973506520216
5.1380121189913766,0.40383873177628954
5.25162071867746,0.4463742122978338
5.4351327067613635,0.4396281340361672
5.477593031056614,0.4174021014185657
5.493931539499972,0.42309986371569086
5.782748815815996,0.3883960585274269
5.879688052440334,0.40788013321978417
5.996268975356545,0.4735628648957978
6.140657668216229,0.45798060574565086
6.279832115071986,0.4765860686054185
6.436353594031361,0.44555893224164655
6.536140031693439,0.46718647321925344
6.630900708131719,0.4922811665513907
6.77117275325787,0.5109715704310696
6.935507900718447,0.480023771372169
7.028773658844698,0.5525707326312148
7.170704578716677,0.6504897608819608
7.240249410330608,0.7031921969463432
7.308764881455365,0.7976430426748851
7.407447085616715,0.8757396445278691
7.457051301820743,1.0611604188961936
7.502303602864467,1.1481981725012091
7.541344267521623,1.2888386222395607
7.531064418306156,1.4634155837191352
7.530780523845587,1.5632651254745227
7.528423050044431,1.6972874738687094
7.50079679609555,1.7981038291338827
7.500722548754412,1.960718620914712
7.479059770184335,2.129678403865483
7.474367710779349,2.2526112703082224
7.4706254247373245,2.3697402919780384
7.426797066639542,2.4813546924003402
7.4365792876344,2.54457488644275
7.4361067407529715,2.7169322112311947
7.429705532429943,2.8954668943528206
7.422724885735418,3.0113375043142434
7.416652732973356,3.1203723249362003
7.395439348075053,3.276538003618359
7.353223629057419,3.4035791815394516
7.382870923151813,3.598509115525665
7.3731486667256885,3.770360270581687
7.36793022412471,3.9069632036841524
7.355240190412795,4.034905317081039
7.3486448086457505,4.150346651062663
7.340912503582088,4.24219412936951
7.355058249805181,4.416572157422222
7.3335369602213785,4.583627181889452
7.293067941169734,4.733931936952228
7.271172770087176,4.881580432664028
7.265620926088946,5.006472981699245
7.255337264688434,5.133228077104155
7.277060675648653,5.306752161023323
7.260592935610775,5.436780580416493
7.2695743037362455,5.5814117960018885
7.282109944165132,5.714361099118989
7.2693138046941055,5.841739860864849
7.267682118636053,5.9616262019055215
7.222235372301915,6.105509342081436
7.211696300263266,6.257505660767931
7.203949839039045,6.403320777751731
7.200904563977426,6.510178189801591
7.19349363811688,6.63329600322455
7.17604213112578,6.744903805235792
7.176731515256693,6.895079699038343
7.166493833753459,7.009445883895316
7.1535825015525685,7.13828983246445
7.160312622265026,7.322996400150049
7.152450741615428,7.442563049430772
7.141283326991892,7.608685021052037
7.116691982680152,7.714314111543606
7.124602016248053,7.851599125039426
7.11400319243125,7.985113526313247
7.089000593366375,8.108062237271447
7.091034869347524,8.235897040184332
7.084043617491586,8.365792830523551
7.073630942075291,8.502831132726888
7.05071333576406,8.557152315397781
7.037712245372085,8.669070401980937
7.008879676592304,8.843536406787853
6.966518471164806,8.983101381362358
6.949840501196123,9.070649541756813
6.819316119934477,9.147870655146614
6.733659411302193,9.265192093210413
6.644845611654144,9.332683193548593
6.489683902846389,9.405217685856227
6.379171965173453,9.395134261828783
6.23104113469978,9.404354800922768
6.117929124609609,9.402361990882529
6.038318901726394,9.394554792618413
5.906266450261702,9.362730129772276
5.788829462842215,9.338714536032295
5.576271872798309,9.306854419724033
5.5350029944469386,9.315685118554601
5.308485662800889,9.291724030098136
5.137406154881096,9.272536279203536
4.9562286386168495,9.25317956707793
4.855611431871185,9.235677938939576
4.732528107262099,9.220088754590588
4.690905937798286,9.218156852205174
4.6290451914538275,9.205847354317836
4.447308165953961,9.200723883336037
4.1925159458855505,9.1768126751249
4.042594324851843,9.15831563667957
3.8618902862775895,9.1446203444286
3.756157738205975,9.133720367003614
3.7177605249086447,9.117902345796976
3.6864613584703267,9.104807561967812
3.6214229832329163,9.106240718360809
3.4634024473682503,9.092770044018561
3.294292272598452,9.10002332537884
3.165454241115156,9.101693432326778
3.0249261291217797,9.09152346995094
2.874497154408119,9.083750363487749
2.7355790721285373,9.078598580763225
2.6792030815773784,9.055104497384116
2.539810481667826,9.05892501050048
2.383237456552614,9.037921264157449
2.1976922383163826,9.026995935484592
2.070355088931911,9.027245061252266
1.9057717945222281,9.013133010618423
1.8226300261078148,9.006980597144526
1.6795061869978272,9.012727791160732
1.4492975136229256,9.000961456133405
1.307426135440133,9.012479881953926
1.145968447434829,9.00232171984123
1.0383756607586638,8.987110956116219
0.9263239107068028,8.985131356410182
0.7938001300247651,8.986321876544498
0.6794330681268491,8.982385965956274
0.5700669241559583,8.983055710409278
0.5310467819430074,8.974669276581503
0.47739869026989523,8.982458336209177
0.2955215336693689,8.971670021462721
0.1302690202030787,8.962099873522927
-0.05262396363894444,8.981002812707903
-0.20087868414296303,8.975107099640848
-0.37579916044036116,8.97036250816619
-0.5443895053230553,8.969767741569157
-0.7008687787568565,8.959146517898176
-0.8289745181093566,8.961023597313394
-0.9956095412108286,8.94175931637501
-1.1259717180290796,8.927685879650166
-1.1979391709972276,8.923595406026962
-1.2287222827224316,8.937999037773967
-1.3073563683787974,8.939582631685065
-1.4540459709952016,8.909901506181637
-1.5869195651543684,8.90711872706586
-1.9056894358398593,8.895350061934952
-2.2061216824899317,8.884324866636593
-2.378227234878057,8.870690065163544
-2.536873329942326,8.881828360288212
-2.6582629231334276,8.86335158631314
-2.8279446281007514,8.845722080207732
-2.942795064470253,8.827202059021864
-3.0893964379152625,8.81999221572898
-3.206938236480815,8.801051413455838
-3.2682389844175628,8.799832266670304
-3.363004448926099,8.798283037676121
-3.4601329352340477,8.790578817960036
-3.61655344886472,8.780342518936603
-3.8492614449584526,8.761751604960057
-4.11983429431704,8.75502489205925
-4.369483383410143,8.744890315871965
-4.538888710190381,8.743690399250504
-4.721749155385504,8.741681173217222
-4.736393038222097,8.725884379405686
-4.754998739370966,8.717937022199436
-4.798968629321833,8.709469297741268
-4.86600922890456,8.708342610588984
-4.899870142638698,8.72099149760417
-5.0322436214837065,8.716872612068762
-5.345195359995843,8.697918480932533
-5.552062931788296,8.681260014595393
-5.920505082810305,8.683094586392585
-6.069914875087044,8.645134304361795
-6.168029668474926,8.65910410833576
-6.256150422655821,8.662286606460663
-6.380049639063237,8.641227922430827
-6.43458925205397,8.633177458115794
-6.59824197140615,8.622779123520992
-6.745049108453997,8.617349970263058
-6.947608118254473,8.604224657937609
-7.065300754066609,8.598873236369723
-7.238784634963704,8.573478231271519
-7.387127519281727,8.574241251125418
-7.492409619716639,8.575532116118131
-7.589634028489913,8.558717032607664
-7.768192385148309,8.536754540011698
-7.916304623295415,8.52927874118042
-8.101389997122423,8.534203417978588
-8.243386395194783,8.525557114477637
-8.353310914713992,8.527849356186557
-8.507857443339313,8.53039498012532
-8.651089958628752,8.531188834741757
-8.76709101664859,8.537834389427214
-8.925883268142691,8.531177372371515
-9.106377085586692,8.504384681294223
-9.220582918724569,8.478578524053841
-9.396253673808413,8.460457313689512
-9.524451459705721,8.455855006394177
-9.575671562791605,8.459966623325142
-9.663774769479875,8.467755367835228
-9.767710014281882,8.468089440732205
-9.84247011753833,8.476379447635907
-10.185880052502286,8.414527247597865
-10.589387742686311,8.395483460562193
-10.74667681200514,8.416831294461304
-10.841201792600744,8.434310131979565
-10.899018166231446,8.429066352408334
-11.099456795103064,8.404316593269588
-11.25180258657581,8.371736480154182
-11.440196725629914,8.367841436270158
-11.580079490287783,8.350867504376343
-11.713712276077233,8.352808960920985
-11.849178451494936,8.360068863950918
-11.971629471651646,8.347346724028116
-12.141129039651016,8.345579205565544
-12.285203493861673,8.330302780530817
-12.441851512287897,8.328104138500112
-12.641288989966371,8.302440913263434
-12.762311027679049,8.291080421419533
-12.874149653203993,8.286704086958348
-13.088750238734281,8.297031401015355
-13.234127902087748,8.296556812991494
-13.462762245468143,8.275125355057956
-13.565374353924412,8.272050143365515
-13.67858257691238,8.273240978467408
-13.795810633340729,8.268926558597077
-14.018271234242844,8.256501816675993
-14.196275300418867,8.246452512869546
-14.268104215676177,8.24718586108106
-14.500802224269064,8.2306668032043
-14.662277441326248,8.221959094116194
-14.732563514100576,8.223097529491083
-14.929154070136986,8.199716506303739
-15.071832456460832,8.192834478323295
-15.183997346870537,8.169149122738864
-15.243333452374323,8.114095279921639
-15.449232837668028,8.059105603615258
-15.58662778133337,8.04944587578645
-15.694283072906277,7.953063947467126
-15.786841758156527,7.858293539548887
-15.855651366138453,7.7398474595705125
-15.913018162137337,7.617291961390704
-15.975409051655442,7.4632267915769805
-16.006404551494214,7.283709447645107
-16.08367070289357,7.111827731473735
-16.083430548382534,6.94937964047368
-16.13107545944444,6.756128581199126
-16.179026535422178,6.635817587222225
-16.18157627285277,6.425944444776779
-16.186064021913964,6.319843420032314
-16.189682220681306,6.163718653060084
-16.159631476264103,6.069830437794413
-16.125511642911537,5.9006985710448125
-16.151871706843156,5.830446156769962
-16.150865124902378,5.5698641592663
-16.093331057402402,5.430679512914911
-16.110177340064347,5.254203788910253
-16.05865128107655,5.046863670890108
-16.061365811885196,4.930911782755103
-16.073906062601576,4.766274060812988
-16.05682599291711,4.591717327727102
-16.032108173357948,4.486488043084171
-16.05195097124432,4.288033903735975
-16.023561358263173,4.149448952946603
-16.01602394279948,3.993533421202952
-15.997451904259545,3.907839401261186
-16.04335241889726,3.7488592151639923
-16.014814846544326,3.632161869831214
-16.006016253506512,3.479639243423178
-16.02788513662713,3.2973751228786004
-15.977327940703956,3.1949132666689004
-15.96529139599529,3.0321757741427233
-15.971807864639029,2.902507247252859
-15.926369935837517,2.7385505448704217
-15.888606376195408,2.6027659444868565
-15.892968172708807,2.43935646660364
-15.913236544713918,2.265046438629425
-15.857846031595603,2.0761961029210445
-15.87564857202036,1.8969533272373584
-15.864619480862078,1.7926300673260012
-15.86835280150194,1.6554813102255015
-15.830938158942727,1.4828125561379695
-15.83728229035243,1.285439448747798
-15.818481035470088,1.1239922911099234
-15.803437096878014,0.9415144139124423
-15.781753290199113,0.7987789261936582
-15.774245303061443,0.6157947100065759
-15.74874875085464,0.4452495140177972
-15.719393068917398,0.32330872026676233
-15.707372389489567,0.15498641312407085
-15.659462030832575,0.053190854167771036
-15.576726396398412,-0.018502392303209433
-15.49337309937119,-0.1892990082547454
-15.384791898528883,-0.341841255226768
-15.274375997568338,-0.41485207121070417
-15.183868736212471,-0.5232001000795902
-14.994083090146148,-0.6170859518056017
-14.75727534329547,-0.6114940367296323
-14.68453650070836,-0.6311942483483499
-14.570574062905079,-0.6153703800726547
-14.394536699626501,-0.5579722734585114
-14.172400870851007,-0.5485491182652148
-13.967772260198712,-0.577842788188111
-13.82417356672269,-0.5659815117276464
-13.645127805474324,-0.5816493178268562
-13.468224945599651,-0.5752195874497851
-13.265165209143131,-0.5563202644450669
-13.096275162733413,-0.5512785869222582
-12.84903629364256,-0.5386433866074165
-12.631952082517026,-0.5308869786739248
-12.484657730033817,-0.5450076221673339
-12.30323893141465,-0.5406342886342548
-12.234086264507798,-0.5269836135186974
-12.031818793992414,-0.5264543714467778
-11.911682851532468,-0.515315539278292
-11.807874158074132,-0.509099321650086
-11.588887082015518,-0.5064285624892516
-11.49580075620733,-0.5055899139429888
-11.329457488558349,-0.5072923538040479
-11.255042506972108,-0.5152801358175683
-11.104449231716254,-0.5137788891445793
-10.915454410649232,-0.5125215455248848
-10.780982932330357,-0.5061458269322177
-10.667421083730982,-0.4993654871092972
-10.508683611506298,-0.49223851383659967
-10.393147812530865,-0.4891807585507102
-10.129239348971414,-0.46826667482600004
-9.852304487449027,-0.4592406526305519
-9.595332444071218,-0.4380003272059554
-9.467796621733557,-0.4304746550608428
-9.33101389457758,-0.419451552217443
-9.063515418404487,-0.3838315615423801
-8.706143792018262,-0.4096121682937851
-8.506671486551786,-0.41885505681980484
-8.34004639185721,-0.40800570468847713
-8.16872925735291,-0.41376207016684957
-8.029834401290682,-0.41597374878480536
-7.977625324940405,-0.4193216309012811
-7.858512441413053,-0.42859889222368036
-7.748597504811828,-0.44634943338947
-7.71967712380607,-0.46863821247913334
-7.577341647193517,-0.48309533321783826
-7.348116890234973,-0.49802619192995634
-7.233496107994148,-0.5083166796575815
-7.122151855868044,-0.5115012872690763
-6.8828505347587265,-0.5039233349238391
-6.616789055990364,-0.45723072750395133
-6.369739284743907,-0.4619767410715729
-6.2342530240260885,-0.45405456556580304
-5.949866382467204,-0.44429776538407895
-5.838622207625456,-0.4335495664033261
-5.755009902165028,-0.4192935160543225
-5.524832647146315,-0.37848936680181183
-5.379499875315089,-0.35394931759461645
-5.217759041650822,-0.324181318172215
-4.891620175301006,-0.29474149643533865
-4.67847309318655,-0.2555061708978842
-4.692554645375974,-0.2571940576458748
-4.466026560606478,-0.25333430767306625
-4.051495610381041,-0.23829505541471768
-3.9558904076474386,-0.2217483778114197
-3.8850876799356984,-0.2251646008370356
-3.830734469507446,-0.2106748767225315
-3.467763079358666,-0.1724670937855871
-3.30746749736339,-0.1741837113057311
-3.1347289206333135,-0.14516147546249972
-3.068383152876831,-0.16308843079772595
-3.0085591433980166,-0.16715613630862228
-2.9909784115150053,-0.1546381977594827
-2.939928066331296,-0.14761253878830338
-3.0049956970081557,-0.16177139262802695
-3.0241601412629184,-0.16639633484028704
-2.9853848805133922,-0.15371473757754273
-2.9829908798580855,-0.15384254164959693
-3.0881587003649176,-0.16821916580778012
-3.1105931377701235,-0.17255118028003255
-3.050318848390257,-0.15788952962351233
-2.9642139845025333,-0.1499892832137294
-2.68264606088045,-0.1413719110816179
-2.5521774852524626,-0.13672313242941345
-2.255147589301161,-0.10773161120742428
-2.1173929579962874,-0.09598415213132297
-2.0521695251278587,-0.08465581530048365
-2.037742001846323,-0.07104021262592009
-1.8774257364441866,-0.05866975240264222
-1.727174121606964,-0.061758853769003696
-1.739516283078588,-0.07708437074300507
-1.8155613446926477,-0.09009321007780106