8.834571135220072,-5.367412342413817,2.5
8.843396747825828,-5.3626086382669005,2.5
8.839208542087098,-5.369054776813214,2.5
8.839022736271538,-5.367183449559629,2.5
8.839263092996283,-5.362252848421633,2.5
8.837987395675992,-5.367058044721137,2.5
8.838876693668162,-5.366679712440719,2.5
8.837075816925203,-5.371137421537485,2.5
8.844028309512943,-5.376500928675153,2.5
8.843143486394137,-5.448872394865395,2.5
8.745721531573041,-5.564180078158046,2.5
8.683110363515157,-5.6110202090307,2.5
8.673947397122262,-5.614597468631902,2.5
8.683645705135156,-5.659106587408898,2.5
8.637872387214646,-5.711674921642758,2.5
8.640499003037014,-5.754854089711312,2.5
8.568051827780852,-5.820337064251717,2.5
8.538451718724797,-5.8754545298051335,2.5
8.518332357792062,-5.899529219905377,2.5
8.469803892538245,-5.982087844804896,2.5
8.415961994737389,-6.04232222907592,2.5
8.404341772671856,-6.071796197261059,2.5
8.34854676723076,-6.139670229189467,2.5
8.254414695635852,-6.245500816711689,2.5
8.189355584684694,-6.329896658451432,2.5
8.1783640382856,-6.403321527485245,2.5
8.095644672268858,-6.506357517653749,2.5
8.047831462514035,-6.591913278757352,2.5
8.030904678638187,-6.640678998949252,2.5
8.004521274028603,-6.697664523871035,2.5
7.943117180962343,-6.774304536503548,2.5
7.887796776374453,-6.819366057020336,2.5
7.851918798359923,-6.878979887777055,2.5
7.805495381706927,-6.938371268610549,2.5
7.899364330535807,-6.762988666298932,2.5
7.916035010402922,-6.745362278606764,2.5
7.840233349229155,-6.902313701547984,2.5
7.708129688113795,-7.135410813465971,2.5
7.485124983162787,-7.433884334984617,2.5
7.376485948748086,-7.601084945575389,2.5
7.263504011975372,-7.852970084162012,2.5
7.1378446826693684,-8.078241508747665,2.5
7.029093961123117,-8.199401604653566,2.5
6.9329199504910015,-8.383977568990245,2.5
6.653007402053086,-8.765485861572706,2.5
6.536951278976421,-8.952269642246998,2.5
6.4262162509410725,-9.111557074716535,2.5
6.334908794622992,-9.21941160266435,2.5
6.156638277944316,-9.470479991014875,2.5
6.113075307411363,-9.553153592440932,4.0
6.093299957019957,-9.59762738374745,4.0
5.973961001468369,-9.790719428521342,4.0
5.819771359322406,-10.012795655702853,4.0
5.757875617254656,-10.110772905100752,4.0
5.648081096879905,-10.293449541321916,4.0
5.576794376187137,-10.391172249168875,4.0
5.479490513996579,-10.56227334953905,4.0
5.435326670437352,-10.627423610045506,2.5
5.30030983736401,-10.852160620833335,2.5
5.2280150191531,-10.970454008795508,2.5
5.153752351390347,-11.108085558241783,2.5
5.090592359733874,-11.23161787955527,2.5
5.064338562943031,-11.316407451072937,2.5
5.004243658628382,-11.461197291622623,2.5
4.9881216805869615,-11.539397004320051,2.5
4.977829781908918,-11.649497993974245,2.5
4.966248897992851,-11.782373829140257,2.5
4.938119420286498,-11.946102006125585,2.5
4.952058258342466,-12.069502701069315,2.5
4.92640874806745,-12.208296134564103,2.5
4.91448618482499,-12.35045158612357,2.5
4.910165622491421,-12.430062611076337,2.5
4.885889403798447,-12.575016461974998,2.5
4.8727754112438975,-12.733001128023066,2.5
4.8732504937128125,-12.855033850535012,2.5
4.866805497125874,-12.984197704172622,2.5
4.884460231301169,-13.151333402538004,2.5
4.926300212935764,-13.286532132660916,2.5
4.976758132753935,-13.385215660626795,2.5
5.060789754414048,-13.520503827328543,2.5
5.121270756351241,-13.599322201146732,2.5
5.223062690337515,-13.665323872749415,2.5
5.313822374844034,-13.789242041026034,2.5
5.387853362138336,-13.886018619540192,2.5
5.4912658350285675,-14.08566923072416,2.5
5.629820454772982,-14.180935549771904,2.5
5.732856892317943,-14.299811580284578,2.5
5.814877378582322,-14.398358828120497,2.5
5.916016534367619,-14.536405409414948,2.5
6.018062727677068,-14.667524274502107,2.5
6.111968568697785,-14.804389660319202,2.5
6.184475312514741,-14.90974780048952,2.5
6.299853964332058,-15.05372196105907,2.5
6.416119381888951,-15.19517391272127,2.5
6.517738257772259,-15.314631302849573,2.5
6.634995692178107,-15.45424637231902,2.5
6.707708030145702,-15.58024331581618,2.5
6.826252765729169,-15.712948274924674,2.5
6.9333423559046246,-15.848872405561092,2.5
7.054101867419411,-15.986595291048435,2.5
7.159096597193846,-16.08572987213129,2.5
7.2642633331431705,-16.191593984530485,2.5
7.4160972821200115,-16.328129281688263,2.5
7.520020856523569,-16.428590009920804,2.5
7.658911323877797,-16.525075635593524,2.5
7.8063387992397315,-16.58824489590439,2.5
7.913060295235601,-16.65251366397544,2.5
8.07565593488986,-16.70674348885095,2.5
8.266957556169304,-16.732936202675237,2.5
8.395369262127465,-16.72085978213795,2.5
8.617673672019931,-16.7370886094097,2.5
8.71881276843337,-16.693952601864034,2.5
8.869655486880953,-16.647314905795895,2.5
9.06683213483182,-16.57144202040052,2.5
9.148134553280057,-16.45382116706631,2.5
9.323252657723259,-16.390917519689843,2.5
9.441862912360014,-16.278283375157383,2.5
9.588762585143078,-16.149890408424266,2.5
9.713016344846176,-15.998755673788985,2.5
9.760276256361072,-15.86999893855469,2.5
9.86038821857159,-15.671245047092107,2.5
9.920890647497231,-15.466713274699702,2.5
9.905261669384467,-15.345768253424367,2.5
9.868050226514438,-15.137441900643648,2.5
9.919960100113485,-14.974685594760711,2.5
9.876868650260963,-14.803563416369407,2.5
9.81612072627237,-14.637045463099247,2.5
9.69989042396165,-14.477631258765461,2.5
9.447569347039213,-14.29843561151994,2.5
9.373454971105964,-14.194725231482193,2.5
9.293062701460162,-14.090806419647762,2.5
9.19349747498172,-13.964109712744548,2.5
9.089819564327911,-13.85450089340693,2.5
8.97924865783382,-13.736141867683962,2.5
8.876068998999102,-13.63174495472098,2.5
8.794107339067981,-13.517872221587336,2.5
8.715073324390573,-13.379505416288879,2.5
8.623400668534861,-13.237236586359264,2.5
8.582524863825931,-13.102505281034238,2.5
8.508885210847788,-12.965084591919988,2.5
8.455395849821326,-12.819192857522697,2.5
8.368231810222321,-12.67895044472592,2.5
8.308430000482044,-12.456699001437306,2.5
8.22856325236624,-12.262202139696463,2.5
8.18644185328441,-12.060158337153435,2.5
8.191370844415319,-11.939345364503431,2.5
8.195844253011103,-11.844405169030884,2.5
8.099884463378393,-11.745105712289682,2.5
8.025853649220892,-11.54728132158327,2.5
7.996491328446311,-11.40311621796955,2.5
7.970507981540619,-11.30713182991413,2.5
7.949505691776176,-11.220105225623444,2.5
7.916400578136777,-11.125039076397282,2.5
7.949723336537365,-10.937303691775915,2.5
7.954063637321633,-10.824712625775446,2.5
8.080021737840644,-10.57237672963744,2.5
8.092941086181064,-10.443102431210601,2.5
8.136730889573302,-10.32630291989782,2.5
8.205839892752257,-10.235031861840701,2.5
8.384526728993897,-10.064452850124402,2.5
8.523040203914658,-9.88734068643949,2.5
8.604407654753022,-9.712288031544348,2.5
8.769229234933084,-9.5502326685528,2.5
8.93146702722801,-9.415415193171201,2.5
9.015532752614707,-9.300321129352387,2.5
9.135173521235025,-9.20346140731312,2.5
9.27680683389742,-9.115279418289747,2.5
9.386900595493538,-9.036585995017973,2.5
9.497047306274723,-8.954953442642346,2.5
9.600256413823217,-8.888490184525184,2.5
9.691587464607379,-8.80459909980781,2.5
9.776417999223181,-8.712321193748828,2.5
9.87007383993448,-8.585950499269245,2.5
9.956585493761343,-8.484365198593537,2.5
10.10460814786733,-8.285287496552826,2.5
10.188973900394792,-8.163636340111637,2.5
10.311122350791717,-8.006608804340477,2.5
10.36461960131873,-7.863456284474258,2.5
10.46415097972078,-7.710543090375093,2.5
10.552140085067599,-7.572864152763944,2.5
10.63408543275305,-7.457861020311885,2.5
10.723303027525482,-7.353951286969822,2.5
10.816909204873006,-7.276109079695852,2.5
10.923900841287088,-7.082600780999146,2.5
11.05138048132913,-6.9410782806973685,2.5
11.131652569409786,-6.8357197609450875,2.5
11.200644129388564,-6.6735856774706654,2.5
11.319902323752052,-6.538709480926336,2.5
11.446535951361714,-6.40486667684929,2.5
11.477901427710028,-6.310415325015636,2.5
11.539540172051026,-6.218337416615636,2.5
11.6466055619294,-6.03331218241808,2.5
11.708031621996854,-5.928542610367723,2.5
11.806451472512034,-5.7982765918861645,2.5
11.888646889774947,-5.667920777292684,2.5
12.007207297027163,-5.4911592973061065,2.5
12.09469108925831,-5.390510570129744,4.0
12.172997091755144,-5.2744077455483085,2.5
12.255518703003979,-5.144760308707481,2.5
12.350059318671992,-5.011433183107028,2.5
12.427173802119988,-4.8848976204768375,2.5
12.481427959001596,-4.7722344965243995,2.5
12.531482898696488,-4.653801912521666,2.5
12.580926335182866,-4.5300647483297025,2.5
12.608476519798765,-4.393321388941159,2.5
12.626904304081192,-4.200776582482531,2.5
12.62204864296569,-4.070234613330883,2.5
12.595015510973024,-3.868087018306909,2.5
12.56425316701429,-3.747707823782396,2.5
12.4826175430079,-3.606661109147334,2.5
12.398936507045434,-3.487208878214385,2.5
12.304210536752288,-3.39513603670268,2.5
12.217959279345834,-3.311892036183765,2.5
12.12356804382612,-3.227568974831532,2.5
12.008607777215305,-3.1993121447846518,2.5
11.833285779035183,-3.164036254145881,2.5
11.719310467872283,-3.1803536676427706,2.5
11.564317688364778,-3.1831940851621763,2.5
11.4013644355692,-3.2210137339905343,2.5
11.298245152503512,-3.2904087113816383,2.5
11.122970857175325,-3.3848452008123253,2.5
11.047505887383716,-3.4428364661464386,2.5
10.939291289278833,-3.5574283402020583,2.5
10.843061047646508,-3.6222710285890014,2.5
10.760387205549636,-3.7805835766452933,2.5
10.66917337756657,-3.9201576061114327,2.5
10.521249095013953,-4.070821948520741,2.5
10.478063099758241,-4.186319297669743,2.5
10.30989603736033,-4.341994280523265,2.5
10.203295444618929,-4.4264753366969725,2.5
10.063618249040005,-4.580446246919124,2.5
9.986736946077176,-4.5641484481818,2.5
9.841678804079576,-4.675310332023397,2.5
9.708699935487136,-4.838868256478569,2.5
9.611377132261484,-4.8745407849948075,2.5
9.544524565921225,-4.96315607747398,2.5
9.451635431992333,-5.039759284671859,2.5
9.334363266920954,-5.125172164540055,2.5
9.246218075485592,-5.208157210519715,2.5
9.138229881512164,-5.309205306273198,2.5
9.038316883444306,-5.424670413903739,2.5
8.91681300338881,-5.557539935812012,2.5
8.838212189905745,-5.635593843397461,2.5
8.74585356140923,-5.734161853620991,2.5
8.678929617352953,-5.793838106355362,2.5
8.560381992945711,-5.960534801766495,2.5
8.429374458322474,-6.103471721349316,2.5
8.296700728582696,-6.250325243388107,2.5
8.175497843924703,-6.389719756592333,2.5
8.017985004389374,-6.58542609308564,2.5
7.932814030310661,-6.6844949583263595,2.5
7.863207938291543,-6.7629693464097445,2.5
7.809764680410225,-6.829029522738371,2.5
7.77510358277132,-6.879285055993876,2.5
7.749650411194308,-6.915777940595651,2.5
7.752343736092818,-6.9095593820523495,2.5
7.749271439633657,-6.9182354797913215,2.5
7.748012445313885,-6.917750897767675,2.5
7.726921599713124,-6.943561036358925,2.5
7.733837943724888,-6.941532355373086,2.5
7.738922962365269,-6.933157062877438,2.5
7.746730969864482,-6.91928703971706,2.5
7.728575073141984,-6.945911089407879,2.5
7.751680575744145,-6.918165561256743,2.5
