4.2137,-0.1176,4.800,3.000
4.7027,-0.0822,4.700,3.000
5.2125,-0.0564,4.700,3.000
5.7612,-0.0040,4.500,3.000
6.2219,0.0864,4.000,3.000
6.7399,0.1842,4.000,3.000
7.2291,0.2921,5.000,3.000
7.7489,0.4097,3.500,3.000
8.2132,0.6093,3.000,2.500
8.6175,0.9361,2.500,1.800
8.9394,1.1736,2.500,1.200
9.2260,1.4698,2.500,1.200
9.3881,1.7683,2.300,1.350
9.5536,2.0967,2.100,1.500
9.6041,2.2860,2.550,1.625
9.6719,2.5428,3.000,1.750
9.7191,2.7859,3.200,1.750
9.7664,3.0291,3.400,1.750
9.7942,3.2774,3.950,1.750
9.8219,3.5256,4.500,1.750
9.8441,3.7742,4.500,1.675
9.8664,4.0229,4.500,1.600
9.8639,4.2727,4.100,1.550
9.7920,4.6842,3.700,1.500
9.7315,5.1160,3.300,1.350
9.6017,5.4882,2.900,1.200
9.5293,5.8258,2.700,1.350
9.4536,6.0941,2.500,1.500
9.3228,6.3225,2.250,1.300
9.1724,6.5742,2.000,1.100
8.8963,6.7989,2.000,1.050
8.4882,6.8492,2.000,1.000
8.0967,6.8749,2.000,1.025
7.6529,6.8728,2.000,1.038
7.2273,6.7720,2.000,1.044
6.9139,6.6165,2.000,1.050
6.6251,6.3854,2.000,1.200
6.4572,6.0556,2.000,1.350
6.3070,5.7599,2.250,1.400
6.1705,5.3488,2.500,1.450
6.1409,4.9433,2.500,1.300
6.1620,4.5525,3.000,1.150
6.0945,4.2047,3.500,1.150
5.7598,3.9197,2.300,1.100
6.7160,3.5549,2.200,1.050
6.5242,3.2732,2.150,1.025
6.2872,3.1208,2.100,1.000
6.0526,3.0430,2.100,1.000
5.7943,2.9557,2.100,1.000
5.4623,2.9658,2.100,1.000
5.0849,2.9152,2.100,1.000
4.6269,2.9852,2.100,1.000
4.1919,3.1445,2.100,1.000
3.9439,3.4235,2.100,1.250
3.7678,3.6707,2.100,1.500
3.6707,3.8788,2.550,1.750
3.5440,4.2484,3.000,2.000
3.4363,4.5407,3.000,2.000
3.3121,5.0212,3.000,2.000
4.2217,5.3084,3.500,2.000
4.0983,5.7014,3.500,2.000
3.8898,6.1011,3.500,2.000
3.6062,6.6018,3.500,2.000
3.2196,6.8879,3.000,2.000
2.7719,7.0992,3.000,2.000
2.3498,7.2462,2.750,1.750
1.9029,7.4852,2.500,1.500
1.3295,7.5708,2.750,1.500
0.7522,7.6383,3.000,1.500
0.2021,7.7329,3.500,1.500
-0.3315,7.7891,4.000,1.500
-0.6991,7.8187,5.000,2.950
-1.1308,7.8248,5.500,2.000
-1.5950,7.7953,5.500,2.000
-2.0208,7.8063,5.300,2.000
-2.4616,7.8197,5.300,2.000
-2.9056,7.7870,5.300,2.000
-3.3062,7.7914,5.000,2.000
-3.7763,7.7562,4.700,2.000
-4.1838,7.7816,4.300,2.000
-4.5826,7.7387,4.000,2.000
-5.0898,7.6359,3.700,2.000
-5.6424,7.6287,3.500,2.000
-6.1049,7.5904,3.200,2.000
-6.6057,7.5091,3.000,2.000
-7.0460,7.4884,2.750,2.000
-7.6153,7.3060,2.500,1.250
-7.9672,7.0391,2.300,1.200
-8.3165,6.7966,2.300,1.200
-8.4720,6.4538,2.300,1.200
-8.5554,6.1430,2.300,1.100
-8.6185,5.7597,2.250,1.050
-8.5392,5.4197,2.000,1.000
-8.4230,5.1425,2.000,1.000
-8.2937,5.0496,2.000,1.000
-8.1901,4.8572,2.000,1.000
-7.9556,4.8180,2.150,1.000
-7.6417,4.7703,2.300,1.000
-7.2013,4.7954,2.500,1.000
-6.7806,4.8501,2.750,1.425
-6.3855,4.9085,3.000,1.850
-6.0116,4.9945,3.000,1.925
-5.5627,5.0723,3.000,2.000
-5.1351,5.1053,3.300,2.000
-4.7797,5.1601,3.500,2.000
-4.3905,5.1685,4.000,1.800
-3.9551,5.2148,4.000,1.800
-3.5537,5.2301,4.500,1.800
-3.1596,5.2491,4.500,1.800
-2.7015,5.3025,5.000,1.800
-2.3099,5.3161,5.000,1.800
-1.9665,5.3517,5.000,1.800
-1.6246,5.3768,5.000,1.800
-1.3952,5.4410,5.000,1.800
-1.2666,5.4103,3.500,1.500
-1.0012,5.4587,3.250,1.425
-0.6667,5.4693,3.000,1.350
-0.2804,5.4698,2.750,1.200
0.1215,5.4191,2.500,1.050
0.5890,5.3262,2.250,0.975
0.9776,5.1530,2.000,0.900
1.3538,4.9659,2.000,0.875
1.6424,4.6676,2.000,0.850
1.6903,4.2237,2.000,0.850
1.6872,3.8087,2.000,0.850
1.5559,3.4417,2.250,1.175
1.5227,3.0979,2.500,1.500
1.2399,2.7062,2.750,1.500
0.8377,2.4715,3.000,1.500
0.3137,3.2714,3.500,1.500
-0.1059,3.3368,4.000,1.500
-0.4912,3.3221,4.200,1.500
-0.9178,3.3424,4.700,1.500
-1.0553,3.3715,5.000,1.650
-1.2379,3.3781,5.000,1.800
-1.4800,3.3809,5.000,1.800
-1.6473,3.3833,5.000,1.800
-1.8915,3.4069,5.000,1.800
-2.0083,3.3708,5.000,1.800
-2.2293,3.3578,5.000,1.800
-2.5169,3.3309,5.000,1.800
-2.7538,3.3508,5.000,1.800
-3.0498,3.3101,4.700,1.800
-3.3695,3.3171,4.500,1.800
-3.6603,3.3017,4.500,1.800
-3.8632,3.2360,4.300,1.800
-4.1195,3.1931,4.300,1.800
-4.3163,3.1566,4.300,1.800
-4.5616,3.1156,4.300,1.800
-4.7399,3.0516,4.300,1.800
-4.9437,3.0153,4.000,1.500
-5.2511,2.9162,4.000,1.400
-5.5217,2.8850,3.800,1.250
-5.8387,2.7972,3.700,1.250
-6.3421,2.6657,3.600,1.250
-6.7937,2.4957,3.500,1.250
-7.2353,2.3567,3.300,1.250
-7.6235,2.1767,3.250,1.075
-7.9810,1.9422,3.000,0.900
-8.2855,1.6684,2.750,0.825
-8.5762,1.3291,2.500,0.750
-8.7969,1.0024,2.250,0.800
-8.8392,0.6494,2.000,0.850
-8.8820,0.2274,2.000,0.800
-8.7790,-0.2148,2.000,0.750
-8.5280,-0.7314,2.000,0.875
-8.1828,-1.0343,2.000,1.000
-7.6609,-1.1884,2.250,1.150
-7.1678,-1.4284,2.500,1.300
-6.5953,-1.4572,4.000,5.000
-6.1143,-1.3637,6.000,3.000
-5.6193,-1.2927,6.000,3.000
-5.1243,-1.2207,6.000,3.000
-4.6293,-1.1497,6.000,3.000
-4.1343,-1.0787,6.000,3.000
-3.6393,-1.0067,6.000,3.000
-3.1674,-0.9357,6.000,3.000
-2.6724,-0.8647,6.000,3.000
-2.1774,-0.7927,6.000,3.000
-1.7055,-0.7217,6.000,3.000
-1.2105,-0.6507,6.000,3.000
-0.7155,-0.5787,6.000,3.000
-0.2205,-0.5077,6.000,3.000
0.2745,-0.4367,6.000,3.000
0.7926,-0.3878,6.000,3.000
1.1490,-0.4092,6.000,3.000
1.4130,-0.3844,6.000,3.000
1.6655,-0.2872,6.000,3.000
1.9196,-0.2410,6.000,3.000
2.2892,-0.3103,6.000,3.000
2.6241,-0.2431,6.000,3.000
2.9574,-0.1721,5.600,3.000
3.2907,-0.2166,5.300,3.000
3.7164,-0.1446,5.000,3.000
